item_id,item_name,product_group,product_sub_group
10001,Washington Berry Juice,Beverages,Juice
10002,Washington Mango Drink,Beverages,Flavored Drinks
10003,Washington Strawberry Drink,Beverages,Flavored Drinks
10004,Washington Cream Soda,Beverages,Soda
10005,Washington Diet Soda,Beverages,Soda
10006,Washington Cola,Beverages,Soda
10007,Washington Diet Cola,Beverages,Soda
10008,Washington Orange Juice,Beverages,Juice
10009,Washington Cranberry Juice,Beverages,Juice
10010,Washington Apple Juice,Beverages,Juice
10011,Washington Apple Drink,Beverages,Flavored Drinks
10012,Jeffers Oatmeal,Breakfast Foods,Cereal
10013,Jeffers Corn Puffs,Breakfast Foods,Cereal
10014,Jeffers Wheat Puffs,Breakfast Foods,Cereal
10015,Jeffers Grits,Breakfast Foods,Cereal
10016,Blue Label Canned Beets,Canned Products,Canned Vegetables
10017,Blue Label Creamed Corn,Canned Products,Canned Vegetables
10018,Blue Label Canned String Beans,Canned Products,Canned Vegetables
10019,Blue Label Chicken Soup,Canned Products,Soup
10020,Blue Label Canned Yams,Canned Products,Canned Vegetables
10021,Blue Label Vegetable Soup,Canned Products,Soup
10022,Blue Label Canned Tomatos,Canned Products,Canned Vegetables
10023,Blue Label Noodle Soup,Canned Products,Soup
10024,Blue Label Regular Ramen Soup,Canned Products,Soup
10025,Blue Label Chicken Noodle Soup,Canned Products,Soup
10026,Blue Label Turkey Noodle Soup,Canned Products,Soup
10027,Blue Label Beef Soup,Canned Products,Soup
10028,Blue Label Canned Peas,Canned Products,Canned Vegetables
10029,Blue Label Chicken Ramen Soup,Canned Products,Soup
10030,Blue Label Canned Tuna in Water,Canned Products,Tuna
10031,Blue Label Canned Tuna in Oil,Canned Products,Tuna
10032,Blue Label Large Canned Shrimp,Canned Products,Shrimp
10033,Blue Label Fancy Canned Anchovies,Canned Products,Anchovies
10034,Blue Label Fancy Canned Clams,Canned Products,Clams
10035,Blue Label Fancy Canned Oysters,Canned Products,Oysters
10036,Blue Label Fancy Canned Sardines,Canned Products,Sardines
10037,Blue Label Rice Soup,Canned Products,Soup
10038,Green Ribbon Canned Mixed Fruit,Canned Products,Canned Fruit
10039,Green Ribbon Canned Peaches,Canned Products,Canned Fruit
10043,Club Low Fat Cottage Cheese,Dairy,Cottage Cheese
10044,Club Low Fat Sour Cream,Dairy,Sour Cream
10045,Club Sour Cream,Dairy,Sour Cream
10046,Club Jack Cheese,Dairy,Cheese
10047,Club Muenster Cheese,Dairy,Cheese
10048,Club String Cheese,Dairy,Cheese
10049,Club Low Fat String Cheese,Dairy,Cheese
10050,Club Havarti Cheese,Dairy,Cheese
10051,Club Head Cheese,Dairy,Cheese
10052,Club Cheese Spread,Dairy,Cheese
10053,Club Sharp Cheddar Cheese,Dairy,Cheese
10054,Club Mild Cheddar Cheese,Dairy,Cheese
10055,Club Large Curd Cottage Cheese,Dairy,Cottage Cheese
10056,Club 2% Milk,Dairy,Milk
10057,Club Buttermilk,Dairy,Milk
10058,Club Chocolate Milk,Dairy,Milk
10059,Club 1% Milk,Dairy,Milk
10060,Club Whole Milk,Dairy,Milk
10061,Club Strawberry Yogurt,Dairy,Yogurt
10062,Club Blueberry Yogurt,Dairy,Yogurt
10063,Red Spade Chicken Hot Dogs,Deli,Hot Dogs
10064,Red Spade Pimento Loaf,Deli,Bologna
10065,Red Spade Beef Bologna,Deli,Bologna
10066,Red Spade Low Fat Bologna,Deli,Bologna
10067,Red Spade Turkey Hot Dogs,Deli,Hot Dogs
10068,Red Spade Foot-Long Hot Dogs,Deli,Hot Dogs
10069,Red Spade Low Fat Cole Slaw,Deli,Deli Salads
10070,Red Spade Cole Slaw,Deli,Deli Salads
10071,Red Spade Roasted Chicken,Deli,Fresh Chicken
10072,Red Spade Corned Beef,Deli,Deli Meats
10073,Red Spade Sliced Turkey,Deli,Deli Meats
10074,Red Spade Sliced Ham,Deli,Deli Meats
10075,Red Spade Potato Salad,Deli,Deli Salads
10076,Red Spade Sliced Chicken,Deli,Deli Meats
10077,Blue Medal Small Brown Eggs,Eggs,Eggs
10078,Blue Medal Large Brown Eggs,Eggs,Eggs
10079,Blue Medal Small Eggs,Eggs,Eggs
10080,Blue Medal Large Eggs,Eggs,Eggs
10081,Blue Medal Egg Substitute,Eggs,Eggs
10082,Golden Low Fat Waffles,Frozen Foods,Waffles
10083,Golden Orange Popsicles,Frozen Foods,Popsicles
10084,Golden Frozen Chicken Breast,Frozen Foods,Frozen Chicken
10085,Golden Frozen Pancakes,Frozen Foods,Pancakes
10086,Golden Low Fat French Fries,Frozen Foods,French Fries
10087,Golden Frozen Sausage Pizza,Frozen Foods,Pizza
10088,Golden Blueberry Waffles,Frozen Foods,Waffles
10089,Golden Fajita French Fries,Frozen Foods,French Fries
10090,Golden Waffles,Frozen Foods,Waffles
10091,Golden Frozen Pepperoni Pizza,Frozen Foods,Pizza
10092,Golden Frozen Cheese Pizza,Frozen Foods,Pizza
10093,Golden Frozen Mushroom Pizza,Frozen Foods,Pizza
10094,Golden Apple Cinnamon Waffles,Frozen Foods,Waffles
10095,Golden Frozen Carrots,Frozen Foods,Frozen Vegetables
10096,Golden Turkey TV Dinner,Frozen Foods,TV Dinner
10097,Golden Chicken TV Dinner,Frozen Foods,TV Dinner
10098,Golden Beef TV Dinner,Frozen Foods,TV Dinner
10099,Golden Pancake Mix,Frozen Foods,Pancake Mix
10100,Golden Grape Popsicles,Frozen Foods,Popsicles
10101,Golden Home Style French Fries,Frozen Foods,French Fries
10102,Golden Lime Popsicles,Frozen Foods,Popsicles
10103,Golden Ice Cream,Frozen Foods,Ice Cream
10104,Golden Ice Cream Sandwich,Frozen Foods,Ice Cream
10105,Golden Frozen Cauliflower,Frozen Foods,Frozen Vegetables
10106,Golden Frozen Broccoli,Frozen Foods,Frozen Vegetables
10107,Golden Frozen Corn,Frozen Foods,Frozen Vegetables
10108,Golden Frozen Peas,Frozen Foods,Frozen Vegetables
10109,Golden Popsicles,Frozen Foods,Ice Cream
10110,Golden Frozen Chicken Thighs,Frozen Foods,Frozen Chicken
10111,Golden Frozen Chicken Wings,Frozen Foods,Frozen Chicken
10112,Golden Lemon Popsicles,Frozen Foods,Popsicles
10164,Ship Shape Extra Lean Hamburger,Meat,Hamburger
10171,High Top Summer Squash,Produce,Fresh Vegetables
10172,High Top Corn on the Cob,Produce,Fresh Vegetables
10173,High Top Asparagus,Produce,Fresh Vegetables
10174,High Top Sweet Peas,Produce,Fresh Vegetables
10175,High Top New Potatos,Produce,Fresh Vegetables
10176,High Top Beets,Produce,Fresh Vegetables
10177,High Top Prepared Salad,Produce,Fresh Vegetables
10178,High Top Onions,Produce,Fresh Vegetables
10179,High Top Green Pepper,Produce,Fresh Vegetables
10180,High Top Shitake Mushrooms,Produce,Fresh Vegetables
10181,High Top Lettuce,Produce,Fresh Vegetables
10182,High Top Elephant Garlic,Produce,Fresh Vegetables
10183,High Top Red Pepper,Produce,Fresh Vegetables
10184,High Top Garlic,Produce,Fresh Vegetables
10185,High Top Potatos,Produce,Fresh Vegetables
10186,High Top Cauliflower,Produce,Fresh Vegetables
10187,High Top Tomatos,Produce,Fresh Vegetables
10188,High Top Mushrooms,Produce,Fresh Vegetables
10189,High Top Baby Onion,Produce,Fresh Vegetables
10190,High Top Dried Mushrooms,Produce,Fresh Vegetables
10191,High Top Fresh Lima Beans,Produce,Fresh Vegetables
10192,High Top Squash,Produce,Fresh Vegetables
10193,High Top Limes,Produce,Fresh Fruit
10194,High Top Firm Tofu,Produce,Tofu
10195,High Top Almonds,Produce,Nuts
10196,High Top Macintosh Apples,Produce,Fresh Fruit
10197,High Top Golden Delcious Apples,Produce,Fresh Fruit
10198,High Top Red Delcious Apples,Produce,Fresh Fruit
10199,High Top Lemons,Produce,Fresh Fruit
10200,High Top Fancy Plums,Produce,Fresh Fruit
10201,High Top Plums,Produce,Fresh Fruit
10202,High Top Peaches,Produce,Fresh Fruit
10203,High Top Broccoli,Produce,Fresh Vegetables
10204,High Top Mandarin Oranges,Produce,Fresh Fruit
10205,High Top Mixed Nuts,Produce,Nuts
10206,High Top Canned Peanuts,Produce,Nuts
10207,High Top Sweet Onion,Produce,Fresh Vegetables
10208,High Top Cantelope,Produce,Fresh Fruit
10209,High Top Honey Dew,Produce,Fresh Fruit
10210,High Top Fuji Apples,Produce,Fresh Fruit
10211,High Top Walnuts,Produce,Nuts
10212,High Top Oranges,Produce,Fresh Fruit
10213,High Top Tangerines,Produce,Fresh Fruit
10214,High Top Party Nuts,Produce,Nuts
10215,Tip Top Lox,Seafood,Fresh Fish
10216,Tip Top Scallops,Seafood,Shellfish
10217,Best Choice Low Fat Cookies,Snacks,Cookies
10218,Best Choice BBQ Potato Chips,Snacks,Chips
10219,Best Choice Corn Chips,Snacks,Chips
10220,Best Choice Low Fat BBQ Chips,Snacks,Chips
10221,Best Choice Sugar Cookies,Snacks,Cookies
10222,Best Choice Chocolate Chip Cookies,Snacks,Cookies
10223,Best Choice Fudge Cookies,Snacks,Cookies
10224,Best Choice Fudge Brownies,Snacks,Cookies
10225,Best Choice Potato Chips,Snacks,Chips
10226,Best Choice Lemon Cookies,Snacks,Cookies
10227,Best Choice Graham Crackers,Snacks,Cookies
10228,Best Choice Cheese Crackers,Snacks,Crackers
10229,Best Choice Buttered Popcorn,Snacks,Popcorn
10230,Best Choice No Salt Popcorn,Snacks,Popcorn
10231,Best Choice Low Fat Popcorn,Snacks,Popcorn
10232,Best Choice Salsa Dip,Snacks,Dips
10233,Best Choice Avocado Dip,Snacks,Dips
10234,Best Choice Salted Pretzels,Snacks,Pretzels
10235,Best Choice Cheese Dip,Snacks,Dips
10236,Best Choice Fondue Mix,Snacks,Dips
10237,Best Choice Mini Donuts,Snacks,Donuts
10238,Best Choice Beef Jerky,Snacks,Dried Meat
10239,Best Choice Chocolate Donuts,Snacks,Donuts
10240,Best Choice Low Fat Chips,Snacks,Chips
10241,Best Choice Sesame Crackers,Snacks,Crackers
10242,Best Choice Frosted Cookies,Snacks,Cookies
10243,Best Choice Dried Apples,Snacks,Dried Fruit
10244,Best Choice Apple Fruit Roll,Snacks,Dried Fruit
10245,Best Choice Strawberry Fruit Roll,Snacks,Dried Fruit
10247,Best Choice Grape Fruit Roll,Snacks,Dried Fruit
10248,Best Choice Dried Dates,Snacks,Dried Fruit
10249,Best Choice Raisins,Snacks,Dried Fruit
10250,Best Choice Golden Raisins,Snacks,Dried Fruit
10251,Best Choice Dried Apricots,Snacks,Dried Fruit
10252,Best Choice Frosted Donuts,Snacks,Donuts
10253,Choice Tasty Candy Bar,Snacks,Chocolate Candy
10254,Choice Mint Chocolate Bar,Snacks,Chocolate Candy
10255,Choice Malted Milk Balls,Snacks,Chocolate Candy
10256,Choice Semi-Sweet Chocolate Bar,Snacks,Chocolate Candy
10257,Choice Bubble Gum,Snacks,Gum
10258,Choice Spicy Mints,Snacks,Hard Candy
10259,Choice Mints,Snacks,Hard Candy
10260,Choice White Chocolate Bar,Snacks,Chocolate Candy
10261,Medalist Ravioli,Starchy Foods,Pasta
10262,Medalist Manicotti,Starchy Foods,Pasta
10263,Medalist Spaghetti,Starchy Foods,Pasta
10264,Medalist Thai Rice,Starchy Foods,Rice
10265,Medalist Rice Medly,Starchy Foods,Rice
10266,Good Imported Beer,Alcoholic Beverages,Beer
10267,Good Light Wine,Alcoholic Beverages,Wine
10268,Good Chardonnay Wine,Alcoholic Beverages,Wine
10269,Good Chablis Wine,Alcoholic Beverages,Wine
10270,Good Merlot Wine,Alcoholic Beverages,Wine
10271,Good Chardonnay,Alcoholic Beverages,Wine
10272,Good White Zinfandel Wine,Alcoholic Beverages,Wine
10273,Good Light Beer,Alcoholic Beverages,Beer
10274,Great Pumpernickel Bread,Baked Goods,Sliced Bread
10275,Great White Bread,Baked Goods,Sliced Bread
10276,Great Rye Bread,Baked Goods,Sliced Bread
10277,Great English Muffins,Baked Goods,Muffins
10278,Great Cranberry Muffins,Baked Goods,Muffins
10279,Great Muffins,Baked Goods,Muffins
10280,Great Bagels,Baked Goods,Bagels
10281,Great Blueberry Muffins,Baked Goods,Muffins
10282,Great Wheat Bread,Baked Goods,Sliced Bread
10283,Super Sesame Oil,Baking Goods,Cooking Oil
10284,Super Chunky Peanut Butter,Baking Goods,Peanut Butter
10285,Super Hot Chocolate,Beverages,Chocolate
10286,Super Brown Sugar,Baking Goods,Sugar
10287,Super White Sugar,Baking Goods,Sugar
10288,Super French Roast Coffee,Beverages,Coffee
10289,Super Decaf Coffee,Beverages,Coffee
10290,Super Regular Coffee,Beverages,Coffee
10291,Super Vegetable Oil,Baking Goods,Cooking Oil
10292,Super Corn Oil,Baking Goods,Cooking Oil
10293,Super Tomato Sauce,Baking Goods,Sauces
10294,Super Canola Oil,Baking Goods,Cooking Oil
10295,Super Grape Preserves,Baking Goods,Preserves
10296,Super Columbian Coffee,Beverages,Coffee
10297,Super Strawberry Jelly,Baking Goods,Jelly
10298,Super Pepper,Baking Goods,Spices
10299,Super Low Fat Apple Butter,Baking Goods,Preserves
10300,Super Salt,Baking Goods,Spices
10301,Super Apple Butter,Baking Goods,Preserves
10302,Super Oregano,Baking Goods,Spices
10303,Super Apple Jelly,Baking Goods,Jelly
10304,Super Grape Jam,Baking Goods,Jam
10305,Super Apple Jam,Baking Goods,Jam
10306,Super Strawberry Jam,Baking Goods,Jam
10307,Super Creamy Peanut Butter,Baking Goods,Peanut Butter
10308,Super Strawberry Preserves,Baking Goods,Preserves
10309,Super Extra Chunky Peanut Butter,Baking Goods,Peanut Butter
10310,Super Apple Preserves,Baking Goods,Preserves
10311,Super Grape Jelly,Baking Goods,Jelly
10312,Excellent Berry Juice,Beverages,Juice
10313,Excellent Mango Drink,Beverages,Flavored Drinks
10314,Excellent Strawberry Drink,Beverages,Flavored Drinks
10315,Excellent Cream Soda,Beverages,Soda
10316,Excellent Diet Soda,Beverages,Soda
10317,Excellent Cola,Beverages,Soda
10318,Excellent Diet Cola,Beverages,Soda
10319,Excellent Orange Juice,Beverages,Juice
10320,Excellent Cranberry Juice,Beverages,Juice
10321,Excellent Apple Juice,Beverages,Juice
10322,Excellent Apple Drink,Beverages,Flavored Drinks
10323,Best Oatmeal,Breakfast Foods,Cereal
10324,Best Corn Puffs,Breakfast Foods,Cereal
10325,Best Wheat Puffs,Breakfast Foods,Cereal
10326,Best Grits,Breakfast Foods,Cereal
10327,Better Canned Beets,Canned Products,Canned Vegetables
10328,Better Creamed Corn,Canned Products,Canned Vegetables
10329,Better Canned String Beans,Canned Products,Canned Vegetables
10330,Better Chicken Soup,Canned Products,Soup
10331,Better Canned Yams,Canned Products,Canned Vegetables
10332,Better Vegetable Soup,Canned Products,Soup
10333,Better Canned Tomatos,Canned Products,Canned Vegetables
10334,Better Noodle Soup,Canned Products,Soup
10335,Better Regular Ramen Soup,Canned Products,Soup
10336,Better Chicken Noodle Soup,Canned Products,Soup
10337,Better Turkey Noodle Soup,Canned Products,Soup
10338,Better Beef Soup,Canned Products,Soup
10339,Better Canned Peas,Canned Products,Canned Vegetables
10340,Better Chicken Ramen Soup,Canned Products,Soup
10341,Better Canned Tuna in Water,Canned Products,Tuna
10342,Better Canned Tuna in Oil,Canned Products,Tuna
10343,Better Large Canned Shrimp,Canned Products,Shrimp
10344,Better Fancy Canned Anchovies,Canned Products,Anchovies
10345,Better Fancy Canned Clams,Canned Products,Clams
10346,Better Fancy Canned Oysters,Canned Products,Oysters
10347,Better Fancy Canned Sardines,Canned Products,Sardines
10348,Better Rice Soup,Canned Products,Soup
10349,Swell Canned Mixed Fruit,Canned Products,Canned Fruit
10350,Swell Canned Peaches,Canned Products,Canned Fruit
10354,Carlson Low Fat Cottage Cheese,Dairy,Cottage Cheese
10355,Carlson Low Fat Sour Cream,Dairy,Sour Cream
10356,Carlson Sour Cream,Dairy,Sour Cream
10357,Carlson Jack Cheese,Dairy,Cheese
10358,Carlson Muenster Cheese,Dairy,Cheese
10359,Carlson String Cheese,Dairy,Cheese
10360,Carlson Low Fat String Cheese,Dairy,Cheese
10361,Carlson Havarti Cheese,Dairy,Cheese
10362,Carlson Head Cheese,Dairy,Cheese
10363,Carlson Cheese Spread,Dairy,Cheese
10364,Carlson Sharp Cheddar Cheese,Dairy,Cheese
10365,Carlson Mild Cheddar Cheese,Dairy,Cheese
10366,Carlson Large Curd Cottage Cheese,Dairy,Cottage Cheese
10367,Carlson 2% Milk,Dairy,Milk
10368,Carlson Buttermilk,Dairy,Milk
10369,Carlson Chocolate Milk,Dairy,Milk
10370,Carlson 1% Milk,Dairy,Milk
10371,Carlson Whole Milk,Dairy,Milk
10372,Carlson Strawberry Yogurt,Dairy,Yogurt
10373,Carlson Blueberry Yogurt,Dairy,Yogurt
10374,Moms Chicken Hot Dogs,Deli,Hot Dogs
10375,Moms Pimento Loaf,Deli,Bologna
10376,Moms Beef Bologna,Deli,Bologna
10377,Moms Low Fat Bologna,Deli,Bologna
10378,Moms Turkey Hot Dogs,Deli,Hot Dogs
10379,Moms Foot-Long Hot Dogs,Deli,Hot Dogs
10380,Moms Low Fat Cole Slaw,Deli,Deli Salads
10381,Moms Cole Slaw,Deli,Deli Salads
10382,Moms Roasted Chicken,Deli,Fresh Chicken
10383,Moms Corned Beef,Deli,Deli Meats
10384,Moms Sliced Turkey,Deli,Deli Meats
10385,Moms Sliced Ham,Deli,Deli Meats
10386,Moms Potato Salad,Deli,Deli Salads
10387,Moms Sliced Chicken,Deli,Deli Meats
10388,Urban Small Brown Eggs,Eggs,Eggs
10389,Urban Large Brown Eggs,Eggs,Eggs
10390,Urban Small Eggs,Eggs,Eggs
10391,Urban Large Eggs,Eggs,Eggs
10392,Urban Egg Substitute,Eggs,Eggs
10393,Big Time Low Fat Waffles,Frozen Foods,Waffles
10394,Big Time Orange Popsicles,Frozen Foods,Popsicles
10395,Big Time Frozen Chicken Breast,Frozen Foods,Frozen Chicken
10396,Big Time Frozen Pancakes,Frozen Foods,Pancakes
10397,Big Time Low Fat French Fries,Frozen Foods,French Fries
10398,Big Time Frozen Sausage Pizza,Frozen Foods,Pizza
10399,Big Time Blueberry Waffles,Frozen Foods,Waffles
10400,Big Time Fajita French Fries,Frozen Foods,French Fries
10401,Big Time Waffles,Frozen Foods,Waffles
10402,Big Time Frozen Pepperoni Pizza,Frozen Foods,Pizza
10403,Big Time Frozen Cheese Pizza,Frozen Foods,Pizza
10404,Big Time Frozen Mushroom Pizza,Frozen Foods,Pizza
10405,Big Time Apple Cinnamon Waffles,Frozen Foods,Waffles
10406,Big Time Frozen Carrots,Frozen Foods,Frozen Vegetables
10407,Big Time Turkey TV Dinner,Frozen Foods,TV Dinner
10408,Big Time Chicken TV Dinner,Frozen Foods,TV Dinner
10409,Big Time Beef TV Dinner,Frozen Foods,TV Dinner
10410,Big Time Pancake Mix,Frozen Foods,Pancake Mix
10411,Big Time Grape Popsicles,Frozen Foods,Popsicles
10412,Big Time Home Style French Fries,Frozen Foods,French Fries
10413,Big Time Lime Popsicles,Frozen Foods,Popsicles
10414,Big Time Ice Cream,Frozen Foods,Ice Cream
10415,Big Time Ice Cream Sandwich,Frozen Foods,Ice Cream
10416,Big Time Frozen Cauliflower,Frozen Foods,Frozen Vegetables
10417,Big Time Frozen Broccoli,Frozen Foods,Frozen Vegetables
10418,Big Time Frozen Corn,Frozen Foods,Frozen Vegetables
10419,Big Time Frozen Peas,Frozen Foods,Frozen Vegetables
10420,Big Time Popsicles,Frozen Foods,Ice Cream
10421,Big Time Frozen Chicken Thighs,Frozen Foods,Frozen Chicken
10422,Big Time Frozen Chicken Wings,Frozen Foods,Frozen Chicken
10423,Big Time Lemon Popsicles,Frozen Foods,Popsicles
10475,Quick Extra Lean Hamburger,Meat,Hamburger
10476,Quick Seasoned Hamburger,Meat,Hamburger
10482,Tell Tale Summer Squash,Produce,Fresh Vegetables
10483,Tell Tale Corn on the Cob,Produce,Fresh Vegetables
10484,Tell Tale Asparagus,Produce,Fresh Vegetables
10485,Tell Tale Sweet Peas,Produce,Fresh Vegetables
10486,Tell Tale New Potatos,Produce,Fresh Vegetables
10487,Tell Tale Beets,Produce,Fresh Vegetables
10488,Tell Tale Prepared Salad,Produce,Fresh Vegetables
10489,Tell Tale Onions,Produce,Fresh Vegetables
10490,Tell Tale Green Pepper,Produce,Fresh Vegetables
10491,Tell Tale Shitake Mushrooms,Produce,Fresh Vegetables
10492,Tell Tale Lettuce,Produce,Fresh Vegetables
10493,Tell Tale Elephant Garlic,Produce,Fresh Vegetables
10494,Tell Tale Red Pepper,Produce,Fresh Vegetables
10495,Tell Tale Garlic,Produce,Fresh Vegetables
10496,Tell Tale Potatos,Produce,Fresh Vegetables
10497,Tell Tale Cauliflower,Produce,Fresh Vegetables
10498,Tell Tale Tomatos,Produce,Fresh Vegetables
10499,Tell Tale Mushrooms,Produce,Fresh Vegetables
10500,Tell Tale Baby Onion,Produce,Fresh Vegetables
10501,Tell Tale Dried Mushrooms,Produce,Fresh Vegetables
10502,Tell Tale Fresh Lima Beans,Produce,Fresh Vegetables
10503,Tell Tale Brussels Sprouts,Produce,Fresh Vegetables
10504,Tell Tale Limes,Produce,Fresh Fruit
10505,Tell Tale Firm Tofu,Produce,Tofu
10506,Tell Tale Almonds,Produce,Nuts
10507,Tell Tale Macintosh Apples,Produce,Fresh Fruit
10508,Tell Tale Golden Delcious Apples,Produce,Fresh Fruit
10509,Tell Tale Red Delcious Apples,Produce,Fresh Fruit
10510,Tell Tale Lemons,Produce,Fresh Fruit
10511,Tell Tale Fancy Plums,Produce,Fresh Fruit
10512,Tell Tale Plums,Produce,Fresh Fruit
10513,Tell Tale Peaches,Produce,Fresh Fruit
10514,Tell Tale Broccoli,Produce,Fresh Vegetables
10515,Tell Tale Mandarin Oranges,Produce,Fresh Fruit
10516,Tell Tale Mixed Nuts,Produce,Nuts
10517,Tell Tale Canned Peanuts,Produce,Nuts
10518,Tell Tale Sweet Onion,Produce,Fresh Vegetables
10519,Tell Tale Cantelope,Produce,Fresh Fruit
10520,Tell Tale Honey Dew,Produce,Fresh Fruit
10521,Tell Tale Fuji Apples,Produce,Fresh Fruit
10522,Tell Tale Walnuts,Produce,Nuts
10523,Tell Tale Oranges,Produce,Fresh Fruit
10524,Tell Tale Tangerines,Produce,Fresh Fruit
10525,Tell Tale Party Nuts,Produce,Nuts
10526,Kiwi Lox,Seafood,Fresh Fish
10527,Kiwi Scallops,Seafood,Shellfish
10528,Fast Low Fat Cookies,Snacks,Cookies
10529,Fast BBQ Potato Chips,Snacks,Chips
10530,Fast Corn Chips,Snacks,Chips
10531,Fast Low Fat BBQ Chips,Snacks,Chips
10532,Fast Sugar Cookies,Snacks,Cookies
10533,Fast Chocolate Chip Cookies,Snacks,Cookies
10534,Fast Fudge Cookies,Snacks,Cookies
10535,Fast Fudge Brownies,Snacks,Cookies
10536,Fast Potato Chips,Snacks,Chips
10537,Fast Lemon Cookies,Snacks,Cookies
10538,Fast Graham Crackers,Snacks,Cookies
10539,Fast Cheese Crackers,Snacks,Crackers
10540,Fast Buttered Popcorn,Snacks,Popcorn
10541,Fast No Salt Popcorn,Snacks,Popcorn
10542,Fast Low Fat Popcorn,Snacks,Popcorn
10543,Fast Salsa Dip,Snacks,Dips
10544,Fast Avocado Dip,Snacks,Dips
10545,Fast Salted Pretzels,Snacks,Pretzels
10546,Fast Cheese Dip,Snacks,Dips
10547,Fast Fondue Mix,Snacks,Dips
10548,Fast Mini Donuts,Snacks,Donuts
10549,Fast Beef Jerky,Snacks,Dried Meat
10550,Fast Chocolate Donuts,Snacks,Donuts
10551,Fast Low Fat Chips,Snacks,Chips
10552,Fast Sesame Crackers,Snacks,Crackers
10553,Fast Frosted Cookies,Snacks,Cookies
10554,Fast Dried Apples,Snacks,Dried Fruit
10555,Fast Apple Fruit Roll,Snacks,Dried Fruit
10556,Fast Strawberry Fruit Roll,Snacks,Dried Fruit
10557,Fast Raspberry Fruit Roll,Snacks,Dried Fruit
10558,Fast Grape Fruit Roll,Snacks,Dried Fruit
10559,Fast Dried Dates,Snacks,Dried Fruit
10560,Fast Raisins,Snacks,Dried Fruit
10561,Fast Golden Raisins,Snacks,Dried Fruit
10562,Fast Dried Apricots,Snacks,Dried Fruit
10563,Fast Frosted Donuts,Snacks,Donuts
10564,Atomic Tasty Candy Bar,Snacks,Chocolate Candy
10565,Atomic Mint Chocolate Bar,Snacks,Chocolate Candy
10566,Atomic Malted Milk Balls,Snacks,Chocolate Candy
10567,Atomic Semi-Sweet Chocolate Bar,Snacks,Chocolate Candy
10568,Atomic Bubble Gum,Snacks,Gum
10569,Atomic Spicy Mints,Snacks,Hard Candy
10570,Atomic Mints,Snacks,Hard Candy
10571,Atomic White Chocolate Bar,Snacks,Chocolate Candy
10572,Shady Lake Ravioli,Starchy Foods,Pasta
10573,Shady Lake Manicotti,Starchy Foods,Pasta
10574,Shady Lake Spaghetti,Starchy Foods,Pasta
10575,Shady Lake Thai Rice,Starchy Foods,Rice
10576,Shady Lake Rice Medly,Starchy Foods,Rice
10577,Walrus Imported Beer,Alcoholic Beverages,Beer
10578,Walrus Light Wine,Alcoholic Beverages,Wine
10579,Walrus Chardonnay Wine,Alcoholic Beverages,Wine
10580,Walrus Chablis Wine,Alcoholic Beverages,Wine
10581,Walrus Merlot Wine,Alcoholic Beverages,Wine
10582,Walrus Chardonnay,Alcoholic Beverages,Wine
10583,Walrus White Zinfandel Wine,Alcoholic Beverages,Wine
10584,Walrus Light Beer,Alcoholic Beverages,Beer
10585,Colony Pumpernickel Bread,Baked Goods,Sliced Bread
10586,Colony White Bread,Baked Goods,Sliced Bread
10587,Colony Rye Bread,Baked Goods,Sliced Bread
10588,Colony English Muffins,Baked Goods,Muffins
10589,Colony Cranberry Muffins,Baked Goods,Muffins
10590,Colony Muffins,Baked Goods,Muffins
10591,Colony Bagels,Baked Goods,Bagels
10592,Colony Blueberry Muffins,Baked Goods,Muffins
10593,Colony Wheat Bread,Baked Goods,Sliced Bread
10594,Landslide Sesame Oil,Baking Goods,Cooking Oil
10595,Landslide Chunky Peanut Butter,Baking Goods,Peanut Butter
10596,Landslide Hot Chocolate,Beverages,Chocolate
10597,Landslide Brown Sugar,Baking Goods,Sugar
10598,Landslide White Sugar,Baking Goods,Sugar
10599,Landslide French Roast Coffee,Beverages,Coffee
10600,Landslide Decaf Coffee,Beverages,Coffee
10601,Landslide Regular Coffee,Beverages,Coffee
10602,Landslide Vegetable Oil,Baking Goods,Cooking Oil
10603,Landslide Corn Oil,Baking Goods,Cooking Oil
10604,Landslide Tomato Sauce,Baking Goods,Sauces
10605,Landslide Canola Oil,Baking Goods,Cooking Oil
10606,Landslide Grape Preserves,Baking Goods,Preserves
10607,Landslide Columbian Coffee,Beverages,Coffee
10608,Landslide Strawberry Jelly,Baking Goods,Jelly
10609,Landslide Pepper,Baking Goods,Spices
10610,Landslide Low Fat Apple Butter,Baking Goods,Preserves
10611,Landslide Salt,Baking Goods,Spices
10612,Landslide Apple Butter,Baking Goods,Preserves
10613,Landslide Oregano,Baking Goods,Spices
10614,Landslide Apple Jelly,Baking Goods,Jelly
10615,Landslide Grape Jam,Baking Goods,Jam
10616,Landslide Apple Jam,Baking Goods,Jam
10617,Landslide Strawberry Jam,Baking Goods,Jam
10618,Landslide Creamy Peanut Butter,Baking Goods,Peanut Butter
10619,Landslide Strawberry Preserves,Baking Goods,Preserves
10620,Landslide Extra Chunky Peanut Butter,Baking Goods,Peanut Butter
10621,Landslide Apple Preserves,Baking Goods,Preserves
10622,Landslide Grape Jelly,Baking Goods,Jelly
10623,Token Berry Juice,Beverages,Juice
10624,Token Mango Drink,Beverages,Flavored Drinks
10625,Token Strawberry Drink,Beverages,Flavored Drinks
10626,Token Cream Soda,Beverages,Soda
10627,Token Diet Soda,Beverages,Soda
10628,Token Cola,Beverages,Soda
10629,Token Diet Cola,Beverages,Soda
10630,Token Orange Juice,Beverages,Juice
10631,Token Cranberry Juice,Beverages,Juice
10632,Token Apple Juice,Beverages,Juice
10633,Token Apple Drink,Beverages,Flavored Drinks
10634,Radius Oatmeal,Breakfast Foods,Cereal
10635,Radius Corn Puffs,Breakfast Foods,Cereal
10636,Radius Wheat Puffs,Breakfast Foods,Cereal
10637,Radius Grits,Breakfast Foods,Cereal
10638,Bravo Canned Beets,Canned Products,Canned Vegetables
10639,Bravo Creamed Corn,Canned Products,Canned Vegetables
10640,Bravo Canned String Beans,Canned Products,Canned Vegetables
10641,Bravo Chicken Soup,Canned Products,Soup
10642,Bravo Canned Yams,Canned Products,Canned Vegetables
10643,Bravo Vegetable Soup,Canned Products,Soup
10644,Bravo Canned Tomatos,Canned Products,Canned Vegetables
10645,Bravo Noodle Soup,Canned Products,Soup
10646,Bravo Regular Ramen Soup,Canned Products,Soup
10647,Bravo Chicken Noodle Soup,Canned Products,Soup
10648,Bravo Turkey Noodle Soup,Canned Products,Soup
10649,Bravo Beef Soup,Canned Products,Soup
10650,Bravo Canned Peas,Canned Products,Canned Vegetables
10651,Bravo Chicken Ramen Soup,Canned Products,Soup
10652,Bravo Canned Tuna in Water,Canned Products,Tuna
10653,Bravo Canned Tuna in Oil,Canned Products,Tuna
10654,Bravo Large Canned Shrimp,Canned Products,Shrimp
10655,Bravo Fancy Canned Anchovies,Canned Products,Anchovies
10656,Bravo Fancy Canned Clams,Canned Products,Clams
10657,Bravo Fancy Canned Oysters,Canned Products,Oysters
10658,Bravo Fancy Canned Sardines,Canned Products,Sardines
10659,Bravo Rice Soup,Canned Products,Soup
10660,Applause Canned Mixed Fruit,Canned Products,Canned Fruit
10661,Applause Canned Peaches,Canned Products,Canned Fruit
10665,Gorilla Low Fat Cottage Cheese,Dairy,Cottage Cheese
10666,Gorilla Low Fat Sour Cream,Dairy,Sour Cream
10667,Gorilla Sour Cream,Dairy,Sour Cream
10668,Gorilla Jack Cheese,Dairy,Cheese
10669,Gorilla Muenster Cheese,Dairy,Cheese
10670,Gorilla String Cheese,Dairy,Cheese
10671,Gorilla Low Fat String Cheese,Dairy,Cheese
10672,Gorilla Havarti Cheese,Dairy,Cheese
10673,Gorilla Head Cheese,Dairy,Cheese
10674,Gorilla Cheese Spread,Dairy,Cheese
10675,Gorilla Sharp Cheddar Cheese,Dairy,Cheese
10676,Gorilla Mild Cheddar Cheese,Dairy,Cheese
10677,Gorilla Large Curd Cottage Cheese,Dairy,Cottage Cheese
10678,Gorilla 2% Milk,Dairy,Milk
10679,Gorilla Buttermilk,Dairy,Milk
10680,Gorilla Chocolate Milk,Dairy,Milk
10681,Gorilla 1% Milk,Dairy,Milk
10682,Gorilla Whole Milk,Dairy,Milk
10683,Gorilla Strawberry Yogurt,Dairy,Yogurt
10684,Gorilla Blueberry Yogurt,Dairy,Yogurt
10685,Cutting Edge Chicken Hot Dogs,Deli,Hot Dogs
10686,Cutting Edge Pimento Loaf,Deli,Bologna
10687,Cutting Edge Beef Bologna,Deli,Bologna
10688,Cutting Edge Low Fat Bologna,Deli,Bologna
10689,Cutting Edge Turkey Hot Dogs,Deli,Hot Dogs
10690,Cutting Edge Foot-Long Hot Dogs,Deli,Hot Dogs
10691,Cutting Edge Low Fat Cole Slaw,Deli,Deli Salads
10692,Cutting Edge Cole Slaw,Deli,Deli Salads
10693,Cutting Edge Roasted Chicken,Deli,Fresh Chicken
10694,Cutting Edge Corned Beef,Deli,Deli Meats
10695,Cutting Edge Sliced Turkey,Deli,Deli Meats
10696,Cutting Edge Sliced Ham,Deli,Deli Meats
10697,Cutting Edge Potato Salad,Deli,Deli Salads
10698,Cutting Edge Sliced Chicken,Deli,Deli Meats
10699,Jumbo Small Brown Eggs,Eggs,Eggs
10700,Jumbo Large Brown Eggs,Eggs,Eggs
10701,Jumbo Small Eggs,Eggs,Eggs
10702,Jumbo Large Eggs,Eggs,Eggs
10703,Jumbo Egg Substitute,Eggs,Eggs
10704,Imagine Low Fat Waffles,Frozen Foods,Waffles
10705,Imagine Orange Popsicles,Frozen Foods,Popsicles
10706,Imagine Frozen Chicken Breast,Frozen Foods,Frozen Chicken
10707,Imagine Frozen Pancakes,Frozen Foods,Pancakes
10708,Imagine Low Fat French Fries,Frozen Foods,French Fries
10709,Imagine Frozen Sausage Pizza,Frozen Foods,Pizza
10710,Imagine Blueberry Waffles,Frozen Foods,Waffles
10711,Imagine Fajita French Fries,Frozen Foods,French Fries
10712,Imagine Waffles,Frozen Foods,Waffles
10713,Imagine Frozen Pepperoni Pizza,Frozen Foods,Pizza
10714,Imagine Frozen Cheese Pizza,Frozen Foods,Pizza
10715,Imagine Frozen Mushroom Pizza,Frozen Foods,Pizza
10716,Imagine Apple Cinnamon Waffles,Frozen Foods,Waffles
10717,Imagine Frozen Carrots,Frozen Foods,Frozen Vegetables
10718,Imagine Turkey TV Dinner,Frozen Foods,TV Dinner
10719,Imagine Chicken TV Dinner,Frozen Foods,TV Dinner
10720,Imagine Beef TV Dinner,Frozen Foods,TV Dinner
10721,Imagine Pancake Mix,Frozen Foods,Pancake Mix
10722,Imagine Grape Popsicles,Frozen Foods,Popsicles
10723,Imagine Home Style French Fries,Frozen Foods,French Fries
10724,Imagine Lime Popsicles,Frozen Foods,Popsicles
10725,Imagine Ice Cream,Frozen Foods,Ice Cream
10726,Imagine Ice Cream Sandwich,Frozen Foods,Ice Cream
10727,Imagine Frozen Cauliflower,Frozen Foods,Frozen Vegetables
10728,Imagine Frozen Broccoli,Frozen Foods,Frozen Vegetables
10729,Imagine Frozen Corn,Frozen Foods,Frozen Vegetables
10730,Imagine Frozen Peas,Frozen Foods,Frozen Vegetables
10731,Imagine Popsicles,Frozen Foods,Ice Cream
10732,Imagine Frozen Chicken Thighs,Frozen Foods,Frozen Chicken
10733,Imagine Frozen Chicken Wings,Frozen Foods,Frozen Chicken
10734,Imagine Lemon Popsicles,Frozen Foods,Popsicles
10786,Footnote Extra Lean Hamburger,Meat,Hamburger
10787,Footnote Seasoned Hamburger,Meat,Hamburger
10793,Ebony Ginger,Produce,Fresh Vegetables
10794,Ebony Corn on the Cob,Produce,Fresh Vegetables
10795,Ebony Asparagus,Produce,Fresh Vegetables
10796,Ebony Sweet Peas,Produce,Fresh Vegetables
10797,Ebony New Potatos,Produce,Fresh Vegetables
10799,Ebony Prepared Salad,Produce,Fresh Vegetables
10800,Ebony Onions,Produce,Fresh Vegetables
10801,Ebony Green Pepper,Produce,Fresh Vegetables
10802,Ebony Shitake Mushrooms,Produce,Fresh Vegetables
10803,Ebony Lettuce,Produce,Fresh Vegetables
10804,Ebony Elephant Garlic,Produce,Fresh Vegetables
10805,Ebony Red Pepper,Produce,Fresh Vegetables
10806,Ebony Garlic,Produce,Fresh Vegetables
10807,Ebony Potatos,Produce,Fresh Vegetables
10808,Ebony Cauliflower,Produce,Fresh Vegetables
10809,Ebony Tomatos,Produce,Fresh Vegetables
10810,Ebony Mushrooms,Produce,Fresh Vegetables
10811,Ebony Baby Onion,Produce,Fresh Vegetables
10812,Ebony Dried Mushrooms,Produce,Fresh Vegetables
10813,Ebony Fresh Lima Beans,Produce,Fresh Vegetables
10814,Ebony Squash,Produce,Fresh Vegetables
10815,Ebony Limes,Produce,Fresh Fruit
10816,Ebony Firm Tofu,Produce,Tofu
10817,Ebony Almonds,Produce,Nuts
10818,Ebony Macintosh Apples,Produce,Fresh Fruit
10819,Ebony Golden Delcious Apples,Produce,Fresh Fruit
10820,Ebony Red Delcious Apples,Produce,Fresh Fruit
10821,Ebony Lemons,Produce,Fresh Fruit
10822,Ebony Fancy Plums,Produce,Fresh Fruit
10823,Ebony Plums,Produce,Fresh Fruit
10824,Ebony Peaches,Produce,Fresh Fruit
10825,Ebony Broccoli,Produce,Fresh Vegetables
10826,Ebony Mandarin Oranges,Produce,Fresh Fruit
10827,Ebony Mixed Nuts,Produce,Nuts
10828,Ebony Canned Peanuts,Produce,Nuts
10829,Ebony Sweet Onion,Produce,Fresh Vegetables
10830,Ebony Cantelope,Produce,Fresh Fruit
10831,Ebony Honey Dew,Produce,Fresh Fruit
10832,Ebony Fuji Apples,Produce,Fresh Fruit
10833,Ebony Walnuts,Produce,Nuts
10834,Ebony Oranges,Produce,Fresh Fruit
10835,Ebony Tangerines,Produce,Fresh Fruit
10836,Ebony Party Nuts,Produce,Nuts
10837,Curlew Lox,Seafood,Fresh Fish
10838,Curlew Scallops,Seafood,Shellfish
10839,Nationeel Low Fat Cookies,Snacks,Cookies
10840,Nationeel BBQ Potato Chips,Snacks,Chips
10841,Nationeel Corn Chips,Snacks,Chips
10842,Nationeel Low Fat BBQ Chips,Snacks,Chips
10843,Nationeel Sugar Cookies,Snacks,Cookies
10844,Nationeel Chocolate Chip Cookies,Snacks,Cookies
10845,Nationeel Fudge Cookies,Snacks,Cookies
10846,Nationeel Fudge Brownies,Snacks,Cookies
10847,Nationeel Potato Chips,Snacks,Chips
10848,Nationeel Lemon Cookies,Snacks,Cookies
10849,Nationeel Graham Crackers,Snacks,Cookies
10850,Nationeel Cheese Crackers,Snacks,Crackers
10851,Nationeel Buttered Popcorn,Snacks,Popcorn
10852,Nationeel No Salt Popcorn,Snacks,Popcorn
10853,Nationeel Low Fat Popcorn,Snacks,Popcorn
10854,Nationeel Salsa Dip,Snacks,Dips
10855,Nationeel Avocado Dip,Snacks,Dips
10856,Nationeel Salted Pretzels,Snacks,Pretzels
10857,Nationeel Cheese Dip,Snacks,Dips
10858,Nationeel Fondue Mix,Snacks,Dips
10859,Nationeel Mini Donuts,Snacks,Donuts
10860,Nationeel Beef Jerky,Snacks,Dried Meat
10861,Nationeel Chocolate Donuts,Snacks,Donuts
10862,Nationeel Low Fat Chips,Snacks,Chips
10863,Nationeel Sesame Crackers,Snacks,Crackers
10864,Nationeel Frosted Cookies,Snacks,Cookies
10865,Nationeel Dried Apples,Snacks,Dried Fruit
10866,Nationeel Apple Fruit Roll,Snacks,Dried Fruit
10867,Nationeel Strawberry Fruit Roll,Snacks,Dried Fruit
10868,Nationeel Raspberry Fruit Roll,Snacks,Dried Fruit
10869,Nationeel Grape Fruit Roll,Snacks,Dried Fruit
10870,Nationeel Dried Dates,Snacks,Dried Fruit
10871,Nationeel Raisins,Snacks,Dried Fruit
10872,Nationeel Golden Raisins,Snacks,Dried Fruit
10873,Nationeel Dried Apricots,Snacks,Dried Fruit
10874,Nationeel Frosted Donuts,Snacks,Donuts
10875,Thresher Tasty Candy Bar,Snacks,Chocolate Candy
10876,Thresher Mint Chocolate Bar,Snacks,Chocolate Candy
10877,Thresher Malted Milk Balls,Snacks,Chocolate Candy
10878,Thresher Semi-Sweet Chocolate Bar,Snacks,Chocolate Candy
10879,Thresher Bubble Gum,Snacks,Gum
10880,Thresher Spicy Mints,Snacks,Hard Candy
10881,Thresher Mints,Snacks,Hard Candy
10882,Thresher White Chocolate Bar,Snacks,Chocolate Candy
10883,Monarch Ravioli,Starchy Foods,Pasta
10884,Monarch Manicotti,Starchy Foods,Pasta
10885,Monarch Spaghetti,Starchy Foods,Pasta
10886,Monarch Thai Rice,Starchy Foods,Rice
10887,Monarch Rice Medly,Starchy Foods,Rice
10888,Discover Ravioli,Starchy Foods,Pasta
10889,Discover Manicotti,Starchy Foods,Pasta
10890,Discover Spaghetti,Starchy Foods,Pasta
10891,Discover Thai Rice,Starchy Foods,Rice
10892,Discover Rice Medly,Starchy Foods,Rice
10893,Pearl Imported Beer,Alcoholic Beverages,Beer
10894,Pearl Light Wine,Alcoholic Beverages,Wine
10895,Pearl Chardonnay Wine,Alcoholic Beverages,Wine
10896,Pearl Chablis Wine,Alcoholic Beverages,Wine
10897,Pearl Merlot Wine,Alcoholic Beverages,Wine
10898,Pearl Chardonnay,Alcoholic Beverages,Wine
10899,Pearl White Zinfandel Wine,Alcoholic Beverages,Wine
10900,Pearl Light Beer,Alcoholic Beverages,Beer
10901,Fantastic Pumpernickel Bread,Baked Goods,Sliced Bread
10902,Fantastic White Bread,Baked Goods,Sliced Bread
10903,Fantastic Rye Bread,Baked Goods,Sliced Bread
10908,Fantastic Blueberry Muffins,Baked Goods,Muffins
10909,Fantastic Wheat Bread,Baked Goods,Sliced Bread
10910,BBB Best Sesame Oil,Baking Goods,Cooking Oil
10911,BBB Best Chunky Peanut Butter,Baking Goods,Peanut Butter
10912,BBB Best Hot Chocolate,Beverages,Chocolate
10913,BBB Best Brown Sugar,Baking Goods,Sugar
10914,BBB Best White Sugar,Baking Goods,Sugar
10915,BBB Best French Roast Coffee,Beverages,Coffee
10916,BBB Best Decaf Coffee,Beverages,Coffee
10917,BBB Best Regular Coffee,Beverages,Coffee
10918,BBB Best Vegetable Oil,Baking Goods,Cooking Oil
10919,BBB Best Corn Oil,Baking Goods,Cooking Oil
10920,BBB Best Tomato Sauce,Baking Goods,Sauces
10921,BBB Best Canola Oil,Baking Goods,Cooking Oil
10922,BBB Best Grape Preserves,Baking Goods,Preserves
10923,BBB Best Columbian Coffee,Beverages,Coffee
10924,BBB Best Strawberry Jelly,Baking Goods,Jelly
10925,BBB Best Pepper,Baking Goods,Spices
10926,BBB Best Low Fat Apple Butter,Baking Goods,Preserves
10927,BBB Best Salt,Baking Goods,Spices
10928,BBB Best Apple Butter,Baking Goods,Preserves
10929,BBB Best Oregano,Baking Goods,Spices
10930,BBB Best Apple Jelly,Baking Goods,Jelly
10931,BBB Best Grape Jam,Baking Goods,Jam
10932,BBB Best Apple Jam,Baking Goods,Jam
10933,BBB Best Strawberry Jam,Baking Goods,Jam
10934,BBB Best Creamy Peanut Butter,Baking Goods,Peanut Butter
10935,BBB Best Strawberry Preserves,Baking Goods,Preserves
10936,BBB Best Extra Chunky Peanut Butter,Baking Goods,Peanut Butter
10937,BBB Best Apple Preserves,Baking Goods,Preserves
10938,BBB Best Grape Jelly,Baking Goods,Jelly
10939,Fabulous Berry Juice,Beverages,Juice
10940,Fabulous Mango Drink,Beverages,Flavored Drinks
10941,Fabulous Strawberry Drink,Beverages,Flavored Drinks
10942,Fabulous Cream Soda,Beverages,Soda
10943,Fabulous Diet Soda,Beverages,Soda
10944,Fabulous Cola,Beverages,Soda
10945,Fabulous Diet Cola,Beverages,Soda
10946,Fabulous Orange Juice,Beverages,Juice
10947,Fabulous Cranberry Juice,Beverages,Juice
10948,Fabulous Apple Juice,Beverages,Juice
10949,Fabulous Apple Drink,Beverages,Flavored Drinks
10950,Special Oatmeal,Breakfast Foods,Cereal
10951,Special Corn Puffs,Breakfast Foods,Cereal
10952,Special Wheat Puffs,Breakfast Foods,Cereal
10953,Special Grits,Breakfast Foods,Cereal
10954,Just Right Canned Beets,Canned Products,Canned Vegetables
10955,Just Right Creamed Corn,Canned Products,Canned Vegetables
10956,Just Right Canned String Beans,Canned Products,Canned Vegetables
10957,Just Right Chicken Soup,Canned Products,Soup
10958,Just Right Canned Yams,Canned Products,Canned Vegetables
10959,Just Right Vegetable Soup,Canned Products,Soup
10960,Just Right Canned Tomatos,Canned Products,Canned Vegetables
10961,Just Right Noodle Soup,Canned Products,Soup
10962,Just Right Regular Ramen Soup,Canned Products,Soup
10963,Just Right Chicken Noodle Soup,Canned Products,Soup
10964,Just Right Turkey Noodle Soup,Canned Products,Soup
10965,Just Right Beef Soup,Canned Products,Soup
10966,Just Right Canned Peas,Canned Products,Canned Vegetables
10967,Just Right Chicken Ramen Soup,Canned Products,Soup
10968,Just Right Canned Tuna in Water,Canned Products,Tuna
10969,Just Right Canned Tuna in Oil,Canned Products,Tuna
10970,Just Right Large Canned Shrimp,Canned Products,Shrimp
10971,Just Right Fancy Canned Anchovies,Canned Products,Anchovies
10972,Just Right Fancy Canned Clams,Canned Products,Clams
10973,Just Right Fancy Canned Oysters,Canned Products,Oysters
10974,Just Right Fancy Canned Sardines,Canned Products,Sardines
10975,Just Right Rice Soup,Canned Products,Soup
10976,Big City Canned Mixed Fruit,Canned Products,Canned Fruit
10977,Big City Canned Peaches,Canned Products,Canned Fruit
10981,Even Better Low Fat Cottage Cheese,Dairy,Cottage Cheese
10982,Even Better Low Fat Sour Cream,Dairy,Sour Cream
10983,Even Better Sour Cream,Dairy,Sour Cream
10984,Even Better Jack Cheese,Dairy,Cheese
10985,Even Better Muenster Cheese,Dairy,Cheese
10986,Even Better String Cheese,Dairy,Cheese
10987,Even Better Low Fat String Cheese,Dairy,Cheese
10988,Even Better Havarti Cheese,Dairy,Cheese
10989,Even Better Head Cheese,Dairy,Cheese
10990,Even Better Cheese Spread,Dairy,Cheese
10991,Even Better Sharp Cheddar Cheese,Dairy,Cheese
10992,Even Better Mild Cheddar Cheese,Dairy,Cheese
10993,Even Better Large Curd Cottage Cheese,Dairy,Cottage Cheese
10994,Even Better 2% Milk,Dairy,Milk
10995,Even Better Buttermilk,Dairy,Milk
10996,Even Better Chocolate Milk,Dairy,Milk
10997,Even Better 1% Milk,Dairy,Milk
10998,Even Better Whole Milk,Dairy,Milk
10999,Even Better Strawberry Yogurt,Dairy,Yogurt
11000,Even Better Blueberry Yogurt,Dairy,Yogurt
11001,American Chicken Hot Dogs,Deli,Hot Dogs
11008,American Pimento Loaf,Baked Goods,Sliced Bread
11021,American Beef Bologna,Deli,Bologna
11052,American Turkey Hot Dogs,Deli,Hot Dogs
11100,American Foot-Long Hot Dogs,Deli,Hot Dogs
11101,American Low Fat Cole Slaw,Deli,Deli Salads
11112,American Cole Slaw,Deli,Deli Salads
11241,American Roasted Chicken,Deli,Fresh Chicken
11247,American Corned Beef,Deli,Deli Meats
11249,American Sliced Ham,Deli,Deli Meats
11373,American Potato Salad,Deli,Deli Salads
11793,American Sliced Chicken,Deli,Fresh Chicken
11925,National Small Brown Eggs,Eggs,Eggs
11971,National Large Brown Eggs,Eggs,Eggs
